{
    "1": {
        "id": 1,
        "description": "Complete Python Assignment",
        "due_date": " 2024-06-30",
        "creation_date": "2024-06-27 12:06:21",
        "completed": true
    },
    "2": {
        "id": 2,
        "description": "Grocery Shopping",
        "due_date": "2024-06-28",
        "creation_date": "2024-06-27 12:07:00",
        "completed": true
    },
    "3": {
        "id": 3,
        "description": "Workout Session",
        "due_date": "2024-06-27",
        "creation_date": "2024-06-27 12:07:23",
        "completed": true
    },
    "4": {
        "id": 4,
        "description": "Team Meeting",
        "due_date": "2024-06-29",
        "creation_date": "2024-06-27 12:07:48",
        "completed": true
    }
}